-- phpMyAdmin SQL Dump
-- version 4.7.4
-- https://www.phpmyadmin.net/
--
-- Host: 127.0.0.1
-- Generation Time: May 19, 2018 at 08:47 AM
-- Server version: 10.1.29-MariaDB
-- PHP Version: 7.2.0

SET SQL_MODE = "NO_AUTO_VALUE_ON_ZERO";
SET AUTOCOMMIT = 0;
START TRANSACTION;
SET time_zone = "+00:00";


/*!40101 SET @OLD_CHARACTER_SET_CLIENT=@@CHARACTER_SET_CLIENT */;
/*!40101 SET @OLD_CHARACTER_SET_RESULTS=@@CHARACTER_SET_RESULTS */;
/*!40101 SET @OLD_COLLATION_CONNECTION=@@COLLATION_CONNECTION */;
/*!40101 SET NAMES utf8mb4 */;

--
-- Database: `newsfeed`
--

-- --------------------------------------------------------

--
-- Table structure for table `author`
--

CREATE TABLE `author` (
  `author_id` int(11) NOT NULL,
  `author_name` varchar(255) NOT NULL,
  `author_username` varchar(255) NOT NULL,
  `author_email` varchar(255) NOT NULL,
  `author_role` varchar(255) NOT NULL,
  `author_pass` varchar(255) NOT NULL
) ENGINE=InnoDB DEFAULT CHARSET=latin1;

--
-- Dumping data for table `author`
--

INSERT INTO `author` (`author_id`, `author_name`, `author_username`, `author_email`, `author_role`, `author_pass`) VALUES
(2, 'Asif Khan', 'asifkhan', 'asif@gmail.com', 'admin', '123456'),
(5, 'Mahadi Hasan', 'mahadi', 'mahadi@gmail.com', 'author', '123456'),
(6, 'Mahmudul Hasan Hasib', 'hasib', 'hasib@gmail.com', 'admin', '123456'),
(7, 'Masud', 'masud', 'masud@gmail.com', 'author', '123456'),
(8, 'Sumon', 'sumon', 'sumon@gmail.com', 'author', '123456');

-- --------------------------------------------------------

--
-- Table structure for table `category`
--

CREATE TABLE `category` (
  `cat_id` int(255) NOT NULL,
  `cat_name` varchar(255) NOT NULL
) ENGINE=InnoDB DEFAULT CHARSET=latin1;

--
-- Dumping data for table `category`
--

INSERT INTO `category` (`cat_id`, `cat_name`) VALUES
(13, 'Education'),
(11, 'Entertainment'),
(10, 'National'),
(9, 'Politics'),
(8, 'Sports'),
(12, 'Tech');

-- --------------------------------------------------------

--
-- Table structure for table `comments`
--

CREATE TABLE `comments` (
  `cmnt_id` int(11) NOT NULL,
  `cmnt_name` varchar(255) NOT NULL,
  `cmnt_body` text NOT NULL,
  `post_id` int(255) NOT NULL
) ENGINE=InnoDB DEFAULT CHARSET=latin1;

--
-- Dumping data for table `comments`
--

INSERT INTO `comments` (`cmnt_id`, `cmnt_name`, `cmnt_body`, `post_id`) VALUES
(9, 'hasib', 'i like it', 5),
(10, 'mahadi', 'good', 31);

-- --------------------------------------------------------

--
-- Table structure for table `image`
--

CREATE TABLE `image` (
  `image_id` int(255) NOT NULL,
  `image_name` varchar(255) NOT NULL
) ENGINE=InnoDB DEFAULT CHARSET=latin1;

--
-- Dumping data for table `image`
--

INSERT INTO `image` (`image_id`, `image_name`) VALUES
(1, 'Mustafiz1 (1).png'),
(2, 'uploads/mustafizur-rahman-age-biography-career-records-affairs-cricket-upcoming-wiki.png'),
(3, 'uploads/logo.png'),
(4, 'uploads/logo.jpg'),
(5, 'uploads/add_img.jpg'),
(6, 'uploads/logo.jpg'),
(7, 'uploads/logo.png'),
(8, 'uploads/logo.jpg'),
(9, 'uploads/logo.png'),
(10, 'uploads/logo.jpg'),
(11, 'uploads/logo.png'),
(12, 'uploads/logo.jpg'),
(13, 'uploads/logo.png'),
(14, 'uploads/'),
(15, 'uploads/logo.jpg');

-- --------------------------------------------------------

--
-- Table structure for table `message`
--

CREATE TABLE `message` (
  `msg_id` int(11) NOT NULL,
  `msg_name` varchar(255) NOT NULL,
  `msg_email` varchar(255) NOT NULL,
  `msg_body` text NOT NULL
) ENGINE=InnoDB DEFAULT CHARSET=latin1;

--
-- Dumping data for table `message`
--

INSERT INTO `message` (`msg_id`, `msg_name`, `msg_email`, `msg_body`) VALUES
(1, 'Hasib', 'hasib@gmail.com', 'This is very good news portal.'),
(2, 'Mahadi', 'mahadi@gamil.com', 'I like this site.');

-- --------------------------------------------------------

--
-- Table structure for table `post`
--

CREATE TABLE `post` (
  `post_id` int(11) NOT NULL,
  `post_title` varchar(255) NOT NULL,
  `publishing_date` datetime NOT NULL DEFAULT CURRENT_TIMESTAMP,
  `post_content` text NOT NULL,
  `post_thumb` varchar(255) NOT NULL,
  `post_tags` varchar(255) NOT NULL,
  `cat_id` int(11) NOT NULL,
  `author_id` int(11) NOT NULL,
  `count_post_views` int(11) NOT NULL DEFAULT '0'
) ENGINE=InnoDB DEFAULT CHARSET=latin1;

--
-- Dumping data for table `post`
--

INSERT INTO `post` (`post_id`, `post_title`, `publishing_date`, `post_content`, `post_thumb`, `post_tags`, `cat_id`, `author_id`, `count_post_views`) VALUES
(1, 'It was my decision, no one pushed me: Gambhir', '2018-04-26 13:37:14', '&lt;p&gt;My hotel suite on the 22nd floor has blinds covering vast glass windows. At the bottom of these blinds there is a white plastic rod holding them together. Those who know me hate the fact that I keep my room freezing cold. It was no different on Monday night when I returned to my room after we lost to Kings XI Punjab.&lt;/p&gt;\r\n\r\n&lt;p&gt;The air-conditoner was smashing on the blinds full tilt. It was around 1am and the silence in the room was only broken when the rod holding the blinds hit the wall. I don&amp;rsquo;t know if it was coincidence or God&amp;rsquo;s way of suggesting something but the sound of blinds hitting the wall had a striking similarity to the sound of a cricket ball hitting the stumps. Was it a sign that it was over?&lt;/p&gt;\r\n\r\n&lt;p&gt;Each time the rod hit the wall I was reminded of my dismissals this year... reminded my team was at the bottom of the points table. Each time, it seemed my conscience was spanking me. With just 85 runs in six games I can&amp;rsquo;t be leading DD. It was time for me to step down from captaincy.&lt;/p&gt;\r\n\r\n&lt;p&gt;&amp;nbsp;It was almost 2am and I was having an animated conversation with a friend in my hotel room. He was trying to talk me out of this decision by pointing at my IPL records, reminding me that I scored a half-century in the first game of this season etc etc. I told him that I have dropped the likes of Colin Munro, Amit Mishra and Mohammed Shami after an odd bad game. By those standards, how can I be leading the team or be a part of the playing eleven after a string of single-digit scores? Friends and family are always blinded by love but I was searching for objectivity.&lt;/p&gt;\r\n\r\n&lt;p&gt;Against their wishes, I met DD promoter Kiran K Gandhi and the CEO Hemant Dua on Tuesday evening. I told them that I would like to step down from captaincy. Both these gents have a heart of gold and are passionate beyond words about DD. They care a lot about the players and support staff. No wonder our chat was full of concern and logic but above all utmost honesty. After conveying it to them I shared my decision with coach Ricky Ponting on Wednesday afternoon and then the entire team.&lt;/p&gt;\r\n\r\n&lt;p&gt;While I was writing this I was getting a sense that a certain section of the media was seeing Ponting as a trigger for my decision to step down. I don&amp;rsquo;t know where is it coming from. Maybe Aussie-bashing is the flavor of the season! Ponting is a fine guy. Maybe we are watching too many news channels/daily soaps and end up searching for conspiracies where none exist. It is a straight line, let us not speculate: It was MY decision to step down, no one pushed me into it.&lt;/p&gt;\r\n\r\n&lt;p&gt;There has been speculation about my future as a cricketer too. Well, there are no immediate plans to retire. My immediate plans include turning it around for DD, buying a nice gift for my daughter&amp;rsquo;s birthday on May 1 and moving out of my hotel suite as only the captains get to stay in them.&lt;/p&gt;\r\n', 'uploads/b-20180426094628.jpg', 'gamvir, ipl, DD', 8, 6, 14),
(2, 'Real Madrid snatch 2-1 comeback win at Bayern', '2018-04-26 13:37:46', '&lt;p&gt;Holders Real Madrid came from a goal down to snatch a precious 2-1 victory at wasteful Bayern Munich on Wednesday and carry a considerable advantage into their Champions League semi-final second leg in Spain.&lt;/p&gt;\r\n\r\n&lt;p&gt;Real, eyeing a third straight title, needed a 44th-minute equaliser by Marcelo against the run of play to cancel out Joshua Kimmich&amp;rsquo;s opener after Bayern, chasing three trophies this season, had missed a hatful of chances.&lt;/p&gt;\r\n\r\n&lt;p&gt;A quick break allowed Real substitute Marco Asensio to beat Sven Ulreich with a fine effort and grab the winner in the 57th minute.&lt;/p&gt;\r\n\r\n&lt;p&gt;There was more bad news for Bayern with Germany defender Jerome Boateng suffering a suspected adductor muscle injury that could rule him out for the final part of the season and the World Cup.&lt;/p&gt;\r\n\r\n&lt;p&gt;The result was identical to last year&amp;rsquo;s quarter-final first leg between the teams before Real won the return game as well on the way to the first successful Champions League title defence.&lt;/p&gt;\r\n\r\n&lt;p&gt;&amp;ldquo;We are satisfied with the result but this does not count for much,&amp;rdquo; Real coach Zinedine Zidane told reporters. &amp;ldquo;You can never feel absolutely safe in football.&lt;/p&gt;\r\n\r\n&lt;p&gt;&amp;ldquo;We won tonight and I think we played well, we got a good result after a hard game.&amp;rdquo;&lt;/p&gt;\r\n\r\n&lt;p&gt;Liverpool crushed AS Roma 5-2 in the other semi-final first leg on Tuesday.&lt;/p&gt;\r\n\r\n&lt;p&gt;Bayern, who had lost only one of their last 22 home games in the competition, had only themselves to blame and were punished for their profligacy.&lt;/p&gt;\r\n\r\n&lt;p&gt;They almost scored after 25 seconds when Real defender Dani Carvajal failed to clear properly in a furious and physical start to the match.&lt;/p&gt;\r\n\r\n&lt;p&gt;The hosts&amp;rsquo; game plan seemed to go out the window after eight minutes with speedy winger Arjen Robben was forced off with an ankle injury.&lt;/p&gt;\r\n\r\n&lt;p&gt;They were undeterred by Real&amp;rsquo;s early tight pressing game, however, taking the lead when Kimmich slotted home after a superb through ball from former Real player James Rodriguez.&lt;/p&gt;\r\n\r\n&lt;p&gt;The Bavarians should have scored again even after another setback when Jerome Boateng went off with a thigh muscle injury, with chances falling to Franck Ribery, Mats Hummels and Thomas Mueller.&lt;/p&gt;\r\n\r\n&lt;p&gt;But it was Real who struck against the run of play with a low drive from Marcelo a minute before the break as the Brazilian full back added to his goals against Paris St Germain and Juventus in previous rounds.&lt;/p&gt;\r\n\r\n&lt;p&gt;The Spanish side, who have had a disappointing domestic campaign, then caught the Germans napping after a defensive blunder as Asensio raced clear to score their second goal.&lt;/p&gt;\r\n\r\n&lt;p&gt;&amp;ldquo;It was a curious game,&amp;rdquo; Bayern coach Jupp Heynckes said. &amp;ldquo;We gifted Madrid two goals through our mistakes. We had really good chances and we did not use them. One should not be surprised that we lost.&lt;/p&gt;\r\n\r\n&lt;p&gt;&amp;ldquo;When you have that many chances and you don&amp;rsquo;t score then you cannot win.&amp;rdquo;&lt;/p&gt;\r\n', 'uploads/b-20180426083210.jpg', 'RMA, UCL, FCB, CR7', 8, 6, 2),
(3, 'Bangladesh in final of Bangabandhu International Volleyball', '2018-04-26 13:38:22', '&lt;p&gt;Defending champions Bangladesh stormed into the final of the Bangabandhu Asian Senior Men&amp;#39;s Central Zone Volleyball Championship beating Kyrgyzstan by 3-2 set in the second semi-final on Wednesday at Shaheed Suhrawardy Indoor Stadium in Mirpur, reports BSS.&lt;/p&gt;\r\n\r\n&lt;p&gt;Prior to the second semis, favorite Turkmenistan also booked their spot in the final defeating Nepal by 3-0 set in the first semi-final held at the same venue.&lt;/p&gt;\r\n\r\n&lt;p&gt;Bangladesh will play the final against Turkmenistan on Friday (April 27) at 3 pm after the third place deciding match between Kyrgyzstan and Nepal at 10 am.&lt;/p&gt;\r\n', 'uploads/vollyball-ll-20180425191253-20180425200759.jpg', 'Bd football, football', 8, 6, 0),
(4, 'Gambhir steps down as Delhi captain', '2018-04-26 13:39:00', '&lt;p&gt;Gautam Gambhir on Wednesday stepped down as the captain of Delhi, after the team poor&amp;#39;s performance in the ongoing edition of Indian Premier League (IPL).&lt;/p&gt;\r\n\r\n&lt;p&gt;The decision was announced at a press conference today.&lt;/p&gt;\r\n\r\n&lt;p&gt;While talking to the media persons, Gambhir said the decision to step down was his own as &amp;#39;he couldn&amp;#39;t handle the pressure&amp;#39;.&lt;/p&gt;\r\n\r\n&lt;p&gt;&amp;quot;It was my decision. I haven&amp;#39;t contributed enough to the team. I had to take the responsibility being the leader of the ship. I feel it was the right time,&amp;quot; Gambhir said.&lt;/p&gt;\r\n\r\n&lt;p&gt;Shreyas Iyer has been given the responsibility to lead the team. It was Gambhir who nominated his name for the captain&amp;#39;s post.&lt;/p&gt;\r\n\r\n&lt;p&gt;&amp;quot;I want to thank the management &amp;amp; my coaches for appointing me as the captain of the team. It is a great honor for me,&amp;quot;&amp;nbsp; said Iyer on being appointed as the new captain of Delhi.&lt;/p&gt;\r\n\r\n&lt;p&gt;Delhi, which currently stands at the bottom of the points table, lost five out of six matches played so far.&lt;/p&gt;\r\n\r\n&lt;p&gt;In their last clash against Punjab at Feroz Shah Kotla, Delhi lost the match by four runs.&lt;/p&gt;\r\n\r\n&lt;p&gt;The team will next face Kolkata at their home ground on April 27.&lt;/p&gt;\r\n', 'uploads/gautam-gambhir-20180425164322-20180425173617.jpg', 'gamvir, ipl, DD, captain', 8, 6, 15),
(5, '2019 ICC World Cup: India to face Pakistan on June 16', '2018-04-26 13:39:41', '&lt;p&gt;India will open their 2019 World Cup campaign against South Africa on June 5 and square off against arch-rivals Pakistan on June 16, a senior BCCI official told PTI on Tuesday.&lt;/p&gt;\r\n\r\n&lt;p&gt;The 2019 World Cup will be held in the UK from May 30 to July 14 and India will start on June 5 as the BCCI will have to maintain a mandatory 15-day gap between the IPL final and international assignment as per the Lodha Committee recommendations, TOI reported.&lt;/p&gt;\r\n\r\n&lt;p&gt;The matter was discussed during the ICC Chief Executives Meeting.&lt;/p&gt;\r\n\r\n&lt;p&gt;&amp;quot;The 2019 IPL will be played between March 29 and May 19. But we need to maintain a 15-day gap and World Cup starts on May 30. Therefore as per a 15-day gap, we could have only played on June 5. Earlier, we were scheduled to start on June 2 but we couldn&amp;#39;t have played on that day,&amp;quot; a senior BCCI official told PTI on conditions of anonymity.&lt;/p&gt;\r\n\r\n&lt;p&gt;&amp;quot;South Africa are our first opponents. The CEC agreed and the matter has been referred to the ICC board,&amp;quot; he said. The official had earlier stated that the match will be on June 4 but later corrected himself.&lt;/p&gt;\r\n\r\n&lt;p&gt;The clash against Pakistan will take place on June 16 in Manchester. India have never lost to Pakistan in World Cup.&lt;/p&gt;\r\n\r\n&lt;p&gt;Interestingly, ICC, in their various marquee events, have started with an Indo-Pak fixture in the past which is almost always a sell-out. It happened in the 2015 World Cup in Australia (at Adelaide) and the 2017 Champions Trophy in UK (in Birmingham).&lt;/p&gt;\r\n\r\n&lt;p&gt;&amp;quot;This is the first time an Indo-Pak match won&amp;#39;t be a starting affair. Since the format will be a round robin affair (all teams playing each other like 1992),&amp;quot; the official added.&lt;/p&gt;\r\n', 'uploads/india-ll-20180425130131-20180425160520.jpg', 'pakisthan, india, cricket', 8, 6, 79),
(6, 'Liverpool set Champions League record in Roma rout', '2018-04-26 13:40:33', '&lt;p&gt;Liverpool made Champions League history in their 5-2 rout of Roma on Tuesday.&amp;nbsp;&lt;/p&gt;\r\n\r\n&lt;p&gt;Mohamed Salah and Roberto Firmino each scored twice, with Sadio Mane also finding the net as the Reds ran rampant over the Serie A side, leaving the Anfield outfit with three players on eight or more goals in the competition.&lt;/p&gt;\r\n\r\n&lt;p&gt;It marks the first time any club has had three players reach that mark in a single Champions League campaign, with S alah&amp;#39;s fantastic double helping him set a Liverpool record along the way .&amp;nbsp;&lt;/p&gt;\r\n\r\n&lt;p&gt;A 5-0 scoreline early in the second half had the Reds on the verge of another record. That mark would have been the largest margin of victory in a single Champions League semi-final match, topping Bayern Munich&amp;#39;s 4-0 victory over Barcelona in 2013, and Real Madrid&amp;#39;s 4-0 thumping of Bayern a year later.&amp;nbsp;&lt;/p&gt;\r\n\r\n&lt;p&gt;But Roma had other plans and stormed back with two late goals of their own, leaving Liverpool with a three-goal advantage heading into the second leg in Rome.&amp;nbsp;&lt;/p&gt;\r\n\r\n&lt;p&gt;Roma famously overcame a similar deficit to reach the semi-final stage, having taken down Lionel Messi and Barcelona 3-0 at the Stadio Olimpico after falling 4-1 to the Catalans in the first leg in Spain.&amp;nbsp;&lt;/p&gt;\r\n\r\n&lt;p&gt;Liverpool will be wary in the second leg next Wednesday, knowing that another 3-0 win would see Roma pull off another stunning comeback.&lt;/p&gt;\r\n', 'uploads/b-20180425103142.jpg', 'Liverpool, football, UCL, roma', 8, 6, 0),
(7, 'AL urges Tarique to show his B’deshi passport', '2018-04-26 13:42:00', '&lt;p&gt;Awami League Acting General Secretary Abu Sayeed Al Mahmud Swapan has urged to Tarique Rahman, acting chairman of the BNP to show his Bangladeshi Passport.&amp;nbsp;&amp;nbsp;&lt;/p&gt;\r\n\r\n&lt;p&gt;Tarique Rahman has handed over his Bangladeshi passport&amp;nbsp; to the High Commission through UK Home office. Tell him to show his Bangladesh passport if he possess, he said asking BNP leaders.&lt;/p&gt;\r\n\r\n&lt;p&gt;He came up with the remarks at a press briefing at the party President Sheikh Hasina&amp;rsquo;s Dhanmondi political office in Dhaka on Monday.&lt;/p&gt;\r\n\r\n&lt;p&gt;AL agriculture affairs secretary Faridunnahar Laili, Education and Human Resource affairs secretary Samsunnahar Chapa, Information and Research affairs secretary Advocate Afzal Hossain, Deputy Office affairs secretary Biplob Barua,&amp;nbsp; Executive members Anwar Hossen and Iqbal Hossen Apu were aslo present there.&amp;nbsp;&lt;/p&gt;\r\n', 'uploads/b-20180423172932.jpg', 'passpoet,  politics', 9, 2, 0),
(8, 'Khaleda’s treatment on specialist doctors’ advice: Home Minister', '2018-04-26 13:43:32', '&lt;p&gt;Home Minister Asaduzzaman Khan Kamal on Sunday said treatment is being given to imprisoned BNP chairperson Begum Khaleda Zia as per the advices and prescriptions of the specialist physicians, reports BSS.&lt;/p&gt;\r\n\r\n&lt;p&gt;&amp;ldquo;Begum Khaleda Zia is enjoying the highest facilities as per the jail code,&amp;rdquo; he told newsmen after a meeting with a BNP delegation at his ministry office here.&lt;/p&gt;\r\n\r\n&lt;p&gt;The minister said Begum Khaleda Zia has been suffering from various diseases including arthritis, spondylitis, high blood pressure and diabetes.&lt;/p&gt;\r\n\r\n&lt;p&gt;&amp;ldquo;We have taken her to Bangabandhu Sheikh Mujibur Rahman Medical University Hospital and provided treatment followed by tests as per the advices of the doctors,&amp;rdquo; he said.&lt;/p&gt;\r\n\r\n&lt;p&gt;Kamal said the government is taking steps one after another following the specialist physicians&amp;rsquo; advices for providing treatment to Begum Zia.&lt;/p&gt;\r\n\r\n&lt;p&gt;&amp;ldquo;Apart from this, she informed the jail authority about some doctors and we have taken measures for checking her state of health by the physicians of her choice, who have suggested some more tests,&amp;quot; he said.&amp;nbsp;&lt;/p&gt;\r\n\r\n&lt;p&gt;During the meeting, he also informed the BNP leaders about Begum Zia&amp;#39;s treatment and said, &amp;ldquo;we are doing our best and will do the same in future whatever is needed as per the jail code for her treatment.We will also decide to do anything more beyond the jail code, of course, in consultation with the doctors.&amp;rdquo;&lt;/p&gt;\r\n\r\n&lt;p&gt;BNP Standing Committee member Nazrul Islam Khan and vice chairman Hafiz Uddin Ahmed met the home minister and urged for providing treatment to Begum Khaleda Zia at the United Hospital.&lt;/p&gt;\r\n\r\n&lt;p&gt;The minister also said that Begum Khaleda Zia, sometimes, is not willing to meet everyone, rather suggests to send her a list prior to anyone to visit her.&lt;/p&gt;\r\n', 'uploads/kamal-b-20180422192919.jpg', 'politics, home minister', 9, 5, 1),
(9, '19-member AL delegation off to Delhi', '2018-04-26 13:46:24', '&lt;p&gt;A 19-member delegation of ruling Awami League led by General Secretary Obaidul Quader on Sunday left here for New Delhi on a three-day visit at the invitation of Indian ruling Bharatiya Janata Party (BJP).&lt;/p&gt;\r\n\r\n&lt;p&gt;A flight carrying the delegation left Hazrat Shahjalal International Airport here at 10am and it landed at Indira Gandhi International Airport in Delhi at 1pm local time, reports BSS.&lt;/p&gt;\r\n\r\n&lt;p&gt;AL delegation comprises presidium member Pijush Kanti Bhattacharya, joint general secretaries Mahbubul Alam Hanif, Jahangir Kabir Nanak and Abdur Rahman, publicity and publications secretary Dr Hasan Mahmud, organizing secretaries Ahmad Hossain, Advocate Md Misbah Uddin Siraj, AFM Bahauddin Nasim, AKM Enamul Haque Shamim and Barrister Mohibul Hassan Chowdhury Nowfel, office secretary Dr Abdus Sobhan Golap, international affairs secretary Dr Shammi Ahmed, liberation war affairs secretary Mrinal Kanti Das, science and technology affairs secretary Engineer Abdus Sabur, health and population affairs secretary Dr Rokeya Sultana, relief and social welfare secretary Sujit Roy Nandi, deputy office and publications secretary Aminul Islam Amin and central working committee member Md Golam Kabir Rabbani Chinu.&lt;/p&gt;\r\n\r\n&lt;p&gt;The delegation will attend a dinar at Bangladesh High Commission in Delhi tonight while they will meet Indian Lok Sabha Speaker Sumitra Mahajan on Monday morning and witness parliament session. Later, they will attend a luncheon of BJP leader MJ Akbar.&lt;/p&gt;\r\n\r\n&lt;p&gt;The delegation will meet Indian Prime Minister Narendra Modi on Monday afternoon. Later, they will join bilateral discussion with BJP. Besides, the delegation will pay tribute to Mahatma Gandi Memorial.&lt;/p&gt;\r\n\r\n&lt;p&gt;The delegation will return home on April 24.&lt;/p&gt;\r\n', 'uploads/b-20180422175800.jpg', 'delhi, politics', 9, 5, 0),
(10, 'Charitable Trust case: Khaleda’s bail extended till May 10', '2018-04-26 13:47:58', '&lt;p&gt;A Dhaka court has again extended till May 10 the bail of BNP Chairperson Khaleda Zia in the Zia Charitable Trust graft case.&lt;/p&gt;\r\n\r\n&lt;p&gt;Judge Md Akhteruzzaman of the Special Judge Court-5 on Sunday passed the order.&lt;/p&gt;\r\n\r\n&lt;p&gt;However, the BNP chairperson was not produced before the court from jail as she was ill.&lt;/p&gt;\r\n\r\n&lt;p&gt;Earlier on April 5, the same court extended until April 22 the bail of BNP Chairperson Khaleda Zia in the graft case.&lt;/p&gt;\r\n\r\n&lt;p&gt;On August 8, 2011, the Anti-Corruption Commission filed the Zia Charitable Trust graft case with Tejgaon police station accusing four people, including Khaleda Zia, of abusing power in raising funds for the trust from unknown sources.&lt;/p&gt;\r\n\r\n&lt;p&gt;On February 8, 2018, Dhaka Special Court 5 convicted the former prime minister and sentenced her to five years&amp;rsquo; imprisonment in the Zia Orphanage Trust graft case.&lt;/p&gt;\r\n', 'uploads/khaleda-large-20180422123802.jpg', 'khaleda zia', 9, 6, 0),
(11, 'BNP out to spread rumors to thwart JS polls: Maya', '2018-04-26 13:48:34', '&lt;p&gt;Disaster Management and Relief Minister Mofazzal Hossain Chowdhury Maya, Bir Bikram, on Friday said BNP is out to spread rumors centering baseless issues to thwart the next Jatiya Sangsad (JS) election.&amp;nbsp;&lt;/p&gt;\r\n\r\n&lt;p&gt;&amp;quot;We have to resist the conspirators against the election,&amp;quot; he said while addressing a rally at Gajra union under Matlab Uttar upazila in the district, said a press release.&amp;nbsp;&lt;/p&gt;\r\n\r\n&lt;p&gt;Gajra union parishad chairman Hanif Dorji chaired the rally while Chandpur Zila Parishad chairman Osman Gani Patwari, Jubo League leader Sajedul Hossain Dipu, Matlab Uttar upazila parishad chairman Manjur Ahmed Manju, its vice-chairman Ariful Haque Emon and upazilla Awami League general secretary MA Kuddus spoke on the occasion, among others, reports BSS.&lt;/p&gt;\r\n\r\n&lt;p&gt;Highlighting different development activities, the minister said Bangladesh has attained the eligibility of gradating to a developing nation from the group of Least Development Countries (LDCs) and expressed his optimism that at that pace of development, the country will soon become a developed nation.&lt;/p&gt;\r\n\r\n&lt;p&gt;Maya said Bangladesh has achieved a remarkable progress in every sector, including health, women empowerment, information communication technology and education.&lt;/p&gt;\r\n\r\n&lt;p&gt;About the election, he said, the next general election would be held as per the constitution.&lt;/p&gt;\r\n', 'uploads/maya-b-20180420195645.jpg', '', 9, 2, 0),
(12, 'AL doesn’t expect foreign interference in JS polls: Quader', '2018-04-26 13:51:45', '&lt;p&gt;Awami League General Secretary Obaidul Quader today said his party does not expect any foreign interference in the next general election as the people are the source of strength of the party.&lt;/p&gt;\r\n\r\n&lt;p&gt;&amp;quot;People are our source of power. People will decide who will run the country,&amp;quot; he told a press conference at Hazrat Shahjajal International Airport&amp;#39;s VIP Lounge after a 19-member AL delegation&amp;#39;s flight landed at the airport wrapping up its visit to India, BSS reported.&lt;/p&gt;\r\n\r\n&lt;p&gt;Quader, also Minister for Road Transport and Bridges, said neighboring country India has nothing to interfere in the parliament polls and &amp;quot;we also do not expect it.&amp;quot;&lt;/p&gt;\r\n\r\n&lt;p&gt;The AL general secretary said &amp;quot;Foreign forces can be our friend. But we do not expect their interference in election.&amp;quot;&lt;/p&gt;\r\n\r\n&lt;p&gt;Quader said the AL-delegation went India at the invitation of the ruling Bharatiya Janata Party (BJP) where party to party discussions were taken place.&lt;/p&gt;\r\n\r\n&lt;p&gt;&amp;quot;We talked on every issue. We praised the role of Indian Prime Minister Narendra Modi for the Land Boundary Agreement,&amp;quot; he added.&lt;/p&gt;\r\n\r\n&lt;p&gt;They also praised the role of Prime Minister Sheikh Hasina as the milestone was set up by the two prime ministers.&lt;/p&gt;\r\n\r\n&lt;p&gt;Quader expressed hope that much-awaited Teesta treaty will also be signed soon. &amp;quot;We have expressed our concern about crisis of water during the talks. If the treaty is signed, it will be an instance.&amp;quot;&lt;/p&gt;\r\n\r\n&lt;p&gt;AL Joint General Secretaries Mahbubul Alam Hanif, Jahangir Kabir Nanak and Abdur Rahman, Organizing Secretaries Ahmad Hossain, AFM Bahauddin Nasim and AKM Enamul Haque Shamim, Relief and Social Welfare Secretary Sujit Roy Nandi and Deputy Office Secretary Barrister Biplab Barua, among others, were present on the occasion.&lt;/p&gt;\r\n\r\n&lt;p&gt;Earlier, A Jet Airways flight carrying the 19-member AL delegation led by Quader landed at the Hazrat Shahjajal International Airport at 4.20 pm today.&lt;/p&gt;\r\n', 'uploads/kader-20180424182224-20180424194352.jpg', 'Obaidul kader', 9, 5, 5),
(13, '‘BJP using picture of BNP-Jamaat violence in manifesto’', '2018-04-26 13:53:46', '&lt;p&gt;West Bengal&amp;#39;s ruling Trinamool Congress on Wednesday accused the Bharatiya Janata Party (BJP), one of the two major political parties in India, of using a photograph of BNP-Jamaat violence in Bangladesh in their election manifesto for the coming state Panchayat polls.&lt;/p&gt;\r\n\r\n&lt;p&gt;In a bid to reinforce its claim that there is lawlessness in the state under the current regime, the BJP manifesto released on Tuesday has used a number of pictures of violence and vandalism, one of which was allegedly of the 2013 Bangladesh violence by BNP-Jamaat.&lt;/p&gt;\r\n\r\n&lt;p&gt;&amp;quot;That is not a photograph of Bengal. They have used a 2013 photograph of Bangladesh in the manifesto and claimed it to be a picture of violence here. No party in the history of Bengal has constantly made such false, malicious and instigating statements. We are ashamed of their actions,&amp;quot; Trinamool Congress Secretary General Partha Chatterjee told reporters here.&lt;/p&gt;\r\n\r\n&lt;p&gt;&amp;quot;Such falsehood under the banner of a political party is an insult of democracy in Bengal,&amp;quot; he addeed.&lt;/p&gt;\r\n\r\n&lt;p&gt;The alleged photograph was taken by a news agency and its image description reads as: &amp;quot;Supporters of the opposition Bangladesh Nationalist Party (BNP) shout slogans near a bonfire during a protest in Dhaka on March 11, 2013.&amp;quot;&lt;/p&gt;\r\n\r\n&lt;p&gt;The BJP, however, claimed that the images portray the real picture from Bengal.&lt;/p&gt;\r\n\r\n&lt;p&gt;&amp;quot;Our manifesto talks about how lawlessness and violence has taken over Bengal under the current government and how the Chief Minister and the administration are constantly backing the trouble mongers. In several places in the state communal violence took place and the Hindus were attacked like in Bangladesh. In that context the picture was used,&amp;quot; state BJP President Dilip Ghosh said.&lt;/p&gt;\r\n', 'uploads/b-20180426112537.jpg', '', 10, 2, 0),
(14, 'France’s Macron decries nationalism in speech to US Congress', '2018-04-26 13:55:30', '&lt;p&gt;French president Emmanuel Macron on Wednesday urged the United States to reject nationalism and stay true to global ideals of cooperation in the face of terrorism and other challenges, saying countries can still retain their own identities.&lt;/p&gt;\r\n\r\n&lt;p&gt;&amp;lsquo;I do not share the fascination for new strong powers, the abandonment of freedom and the illusion of nationalism,&amp;rsquo; Macron told a joint meeting of Congress.&lt;/p&gt;\r\n\r\n&lt;p&gt;&amp;lsquo;We can choose isolationism, withdrawal and nationalism&amp;mdash;this is an option. It can be tempting to us as a temporary remedy for our fears. But closing the door to the world, will not stop the evolution of the world,&amp;rsquo; he added.&lt;/p&gt;\r\n\r\n&lt;p&gt;Capping a three-day visit, Macron repeatedly criticized the president&amp;rsquo;s isolationist principles in a speech to a joint meeting of Congress, an honor given to a small number of visiting foreign leaders.&lt;/p&gt;\r\n\r\n&lt;p&gt;Macron said US involvement in the global community was vital and Trump&amp;rsquo;s opposition to the Paris climate accord and international trade agreements was short-sighted.&lt;/p&gt;\r\n\r\n&lt;p&gt;The French president even took a dig at Trump&amp;rsquo;s famous 2016 campaign slogan, calling for the United States to help &amp;lsquo;make our planet great again.&amp;rsquo;&lt;/p&gt;\r\n\r\n&lt;p&gt;Macron has developed a strong relationship with Trump at a time when many European leaders are keeping a distance. During the visit, they repeatedly shook and grabbed hands, exchanged kisses on the cheek, and slapped each other&amp;rsquo;s backs while praising their friendship.&lt;/p&gt;\r\n\r\n&lt;p&gt;But before Congress, Macron suggested he wanted more than just good optics.&lt;/p&gt;\r\n\r\n&lt;p&gt;Without mentioning Trump by name, he challenged the Republican president&amp;rsquo;s protectionist and nationalist impulses and said modern economic and security challenges must be a shared global responsibility that is &amp;lsquo;based on a new breed of multilateralism.&amp;rsquo;&lt;/p&gt;\r\n\r\n&lt;p&gt;&amp;lsquo;The United States is the one who invented this multilateralism. You are the one now who has to help preserve and reinvent it,&amp;rsquo; Macron said.&lt;/p&gt;\r\n', 'uploads/b-20180426104006.jpg', 'congress, france', 10, 7, 0),
(15, 'KCC election campaign gains momentum', '2018-04-26 13:56:09', '&lt;p&gt;With only 18 days left, campaign for the&amp;nbsp;upcoming election of Khulna City Corporation (KCC),scheduled to be held on&amp;nbsp;May 15, has gained momentum.&amp;nbsp;&lt;/p&gt;\r\n\r\n&lt;p&gt;After getting election symbol, all the candidates for the post of mayor&amp;nbsp;and councilors and even candidates of general and women reserved seats have&amp;nbsp;been continuing the campaign from early morning to midnight.&amp;nbsp;&lt;/p&gt;\r\n\r\n&lt;p&gt;Many of the candidates opened election office at the important points&amp;nbsp;and intersections as per election rules.&amp;nbsp;&lt;/p&gt;\r\n\r\n&lt;p&gt;Five candidates are vying for mayoral post. They are Awami League&amp;nbsp;backed candidate and former mayor Talukder Abdul Khaleque (Boat), BNP backed&amp;nbsp;candidate Nazrul Islam Manju (Paddy-Stack), Jatiya Party backed candidate&amp;nbsp;Shafiqur Rahman Mushfiq (Plough), Islami Andolon backed candidate Mowlana&amp;nbsp;Muzammel Haque(Handfan) and CPB backed candidate Mizanur Rahman Babu(Scythe).&lt;/p&gt;\r\n\r\n&lt;p&gt;Meanwhile, 148 aspirants are contesting for 31 general councilor posts&amp;nbsp;and 38 women for 10 reserved seats of councilors.&amp;nbsp;&lt;/p&gt;\r\n\r\n&lt;p&gt;There are 4,93,092 voters including 2,44,109 women to cast their votes&amp;nbsp;in 289 centers of the election.&lt;/p&gt;\r\n\r\n&lt;p&gt;Talking to BSS, Md. Younus Ali, Khulna Regional Election Commissioner&amp;nbsp;said four observation team are observing everyday and following candidates&amp;#39;&amp;nbsp;code of conducts.&lt;/p&gt;\r\n\r\n&lt;p&gt;&amp;quot;If they witness any irregularities they would submit report along with&amp;nbsp;evidence to Khulna EC office and EC would take action against the accused&amp;nbsp;candidates as per election rules, he said.&amp;nbsp;&lt;/p&gt;\r\n\r\n&lt;p&gt;&amp;quot;We are taking preparation to make the poll a total success,&amp;quot; Younus Ali the&amp;nbsp;returning Officer, has said adding the voters will cast their votes in free,&amp;nbsp;fair and festive mood.&amp;nbsp;&lt;/p&gt;\r\n\r\n&lt;p&gt;Meanwhile, main mayoral aspirants Khaleque and Manju passing their&amp;nbsp;campaign hours at different city wards, bazaar, roads, offices and attended&amp;nbsp;different professional bodies electoral meeting, gathering and view-exchange&amp;nbsp;meeting.&lt;/p&gt;\r\n\r\n&lt;p&gt;Awami League led 14-party alliances, professional bodies and people in&amp;nbsp;all walks of life campaigning separately for Khaleque round the clock while&amp;nbsp;&lt;/p&gt;\r\n\r\n&lt;p&gt;BNP-Jamaat alliance 20-party led by Gayewshar Chandra Roy also campaigning in&amp;nbsp;favour of Manju last couple of days.&amp;nbsp;&lt;/p&gt;\r\n', 'uploads/k-bb-20180426134643.jpg', '', 10, 7, 3),
(16, '2 killed in fridge compressor blast in Moulvibazar', '2018-04-26 13:57:14', '&lt;p&gt;Two members of a family were killed on Thursday morning when the compressor of a refrigerator exploded in a house at Vojbol area under Rajnagar upazila of Moulvibazar district.&amp;nbsp;&lt;/p&gt;\r\n\r\n&lt;p&gt;The deceased were identified as a housewife Rokeya Begum, 55, and her daughter Shahina Begum, 24, residents of Vojbol village under the upazila.&amp;nbsp;&lt;/p&gt;\r\n\r\n&lt;p&gt;Besides, another injured who was identified as Munna Aziz, a son of deceased Rokeya Begum who was sent to Dhaka for better treatment.&lt;/p&gt;\r\n\r\n&lt;p&gt;The exact reason behind the blast was yet to be ascertained, but the police suspected that a short-circuit could be responsible.&lt;/p&gt;\r\n\r\n&lt;p&gt;Confirming the news, Officer-in-charge of Rajnagar police station Samol Bonik said that the fire might be flared-up from a short-circuit&amp;nbsp;&amp;nbsp;in the house. But, details will be disclosed after investigation.&lt;/p&gt;\r\n', 'uploads/fire-b-20180426122229.jpg', 'kill', 10, 8, 1),
(17, 'Drug peddler killed in Munshiganj ‘gunfight’', '2018-04-26 13:57:47', '&lt;p&gt;A accused drug peddler has been killed in a &amp;ldquo;gunfight&amp;rdquo; with members of Police at Katakhali Haidrabad in the municipality area of Munshiganj.&lt;/p&gt;\r\n\r\n&lt;p&gt;The incident took place early on Thursday.&lt;/p&gt;\r\n\r\n&lt;p&gt;The deceased is Saiful Islam alias Baba Arif, 35, of sadar upazila, also an accused in 12 drug related cases.&amp;nbsp;&lt;/p&gt;\r\n\r\n&lt;p&gt;Confirming the news, Alamgir Hossain, officer-in-charge of Munshiganj Police Station said that Police arrested Arif along with 110 pieces of Yaba tablets from Durgabari village in Sadar upazila on Wednesday night.&lt;/p&gt;\r\n\r\n&lt;p&gt;Later, a team of police along with Arif conducted a drive in the area to recover arms around 2:30am.&lt;/p&gt;\r\n\r\n&lt;p&gt;Sensing the presence of the law enforcers, the criminals staying in the area opened fire to police, prompting them to retaliate that triggered a gunfight.&lt;/p&gt;\r\n\r\n&lt;p&gt;At one stage, Arif caught in the line of fire and died on the spot.&lt;/p&gt;\r\n\r\n&lt;p&gt;Two policemen were injured during the gunfight.&lt;/p&gt;\r\n\r\n&lt;p&gt;Police recovered a pistol, two bullets, one sharp weapon and an iron rod from the spot.&lt;/p&gt;\r\n', 'uploads/shooting-b-20180426111248.jpg', 'drug, kill', 10, 5, 2),
(18, 'SC stays criminal proceedings against Salman', '2018-04-26 13:58:40', '&lt;p&gt;Indian Supreme Court on Monday stayed criminal proceedings and the enquiry initiated against Bollywood superstar Salman Khan for allegedly making derogatory comments against &amp;lsquo;Valmiki&amp;rsquo; community members during the promotion of film &amp;lsquo;Tiger Zinda Hai&amp;rsquo;.&lt;/p&gt;\r\n\r\n&lt;p&gt;A bench comprising Chief Justice Dipak Misra considered the submission of senior advocate N K Kaul, representing Khan, that the proceedings be stayed.&lt;/p&gt;\r\n\r\n&lt;p&gt;The senior advocate said that some criminal cases were lodged against the actor at Delhi, Gujarat, Rajasthan and Mumbai.&lt;/p&gt;\r\n\r\n&lt;p&gt;The bench asked Kaul to provide the details of the cases pending against Khan and ordered that proceedings in those matters shall remain stayed.&lt;/p&gt;\r\n\r\n&lt;p&gt;Khan had allegedly made some objectionable remarks against the community during the promotion of Bollywood flick &amp;#39;Tiger Zinda Hai&amp;#39; and subsequently several proceedings were lodged against him under penal provisions under the SC/ST(Prevention of Atrocities) Act.&lt;/p&gt;\r\n', 'uploads/salm-b-20180424104328.jpg', 'salman khan, bollywood', 11, 6, 0),
(19, '#MeToo hits Pakistan as allegations mount against leading singer', '2018-04-26 13:59:15', '&lt;p&gt;Pressure mounted Friday against Pakistani singer Ali Zafar after he was hit with a sexual harassment allegation by a leading actress in the first high profile &amp;quot;#metoo&amp;quot; accusation in the staunchly patriarchal country.&lt;/p&gt;\r\n\r\n&lt;p&gt;The allegations were trending across social media in Pakistan after popular actress Meesha Shafi posted a lengthy message on Twitter, accusing Zafar of physically harassing her on &amp;quot;more than one occasion&amp;quot;.&lt;/p&gt;\r\n\r\n&lt;p&gt;&amp;quot;This happened to me despite the fact I am an empowered, accomplished woman who is known for speaking her mind!&amp;quot; read the statement.&lt;/p&gt;\r\n\r\n&lt;p&gt;Zafar denied the accusations, threatening legal action against the actress.&lt;/p&gt;\r\n\r\n&lt;p&gt;&amp;quot;I intend to take this through the courts of law, and to address this professionally and seriously rather than to lodge any accusations here,&amp;quot; he wrote on Twitter.&lt;/p&gt;\r\n\r\n&lt;p&gt;Following the accusation, other high-profile voices were quick to lend their support.&lt;/p&gt;\r\n\r\n&lt;p&gt;&amp;quot;No woman goes public with allegations like this just for fun. Obviously you spend no time listening to women when they talk about how widespread harassment is in our society,&amp;quot; tweeted Pakistani novelist and columnist Bina Shah.&lt;/p&gt;\r\n\r\n&lt;p&gt;Zafar has dominated the music charts in Pakistan for nearly two decades and has also starred in a number of films including Bollywood satire &amp;quot;Tere bin Laden&amp;quot; which translates as &amp;quot;Your Bin Laden&amp;quot;.&lt;/p&gt;\r\n\r\n&lt;p&gt;The #MeToo and #Timesup campaigns have gone global since allegations of sexual misconduct by Hollywood producer Harvey Weinstein were published last October, sparking an avalanche of accusations against other powerful men.&lt;/p&gt;\r\n\r\n&lt;p&gt;However, the movement has been slow to catch on in Pakistan, where women have fought for their rights for years in a patriarchal society where so-called &amp;quot;honour&amp;quot; killings and attacks on women remain commonplace.&lt;/p&gt;\r\n\r\n&lt;p&gt;In a report released earlier this week by watchdog Human Rights Commission Pakistan, the group said violence against women remained troubling, with 5,660 related crimes reported in the country&amp;#39;s four provinces in the first 10 months of 2017.&lt;/p&gt;\r\n\r\n&lt;p&gt;In August, firebrand opposition leader Imran Khan was also hit with allegations of sexual misconduct by a female lawmaker who accused the famed cricketer of sending obscene text messages and promoting a culture of sexism within his Pakistan Tehreek-e-Insaf party.&lt;/p&gt;\r\n', 'uploads/l-20180420130707.jpg', '', 11, 7, 0),
(20, 'Cate Blanchett to head Cannes Film Festival jury', '2018-04-26 13:59:58', '&lt;p&gt;Australian actress Cate Blanchett will lead the jury of the 71st Cannes Film Festival. Filmmakers Ava DuVernay and Denis Villeneuve and actors Kristen Stewart and Lea Seydoux are also a part of it.&lt;/p&gt;\r\n\r\n&lt;p&gt;According to reports,the jury will include five men and four women from seven nationalities and five continents.&lt;/p&gt;\r\n\r\n&lt;p&gt;Also serving on the jury are Chinese actor Chang Chen, French director Robert Guediguian, Burundian singer Khadja Nin and Russian director Andrey Zvyagintsev.&lt;/p&gt;\r\n\r\n&lt;p&gt;While some have criticised the relatively low number of women directors in official competition, Cannes artistic director Thierry Fremaux said that he has been conscious of the gender balance in the jury.&lt;/p&gt;\r\n\r\n&lt;p&gt;&amp;quot;For the last four years, I&amp;#39;ve become much more concerned about the presence of women at the festival. I&amp;#39;ve been having discussions with intelligent women like Jessica Chastain and have listened to their advice about ways to improve certain things,&amp;quot; he said.&lt;/p&gt;\r\n\r\n&lt;p&gt;&amp;quot;We&amp;#39;ve started paying more attention to the gender ratio on our selection committees, for instance. Right now, two out of the three committees have as many women as men,&amp;quot; he added.&lt;/p&gt;\r\n\r\n&lt;p&gt;Chastain was on last year&amp;#39;s festival jury, which was headed by Pedro Almodovar.&lt;/p&gt;\r\n\r\n&lt;p&gt;&amp;#39;Blade Runner 2049&amp;#39; and &amp;#39;Arrival&amp;#39; director Villeneuve has had several films at the festival including &amp;#39;Sicario&amp;#39;, while Stewart has appeared in Cannes selection including &amp;#39;Personal Shopper&amp;#39; and &amp;#39;Clouds of Sils Maria&amp;#39;.&lt;/p&gt;\r\n\r\n&lt;p&gt;Chen appeared in &amp;#39;Crouching Tiger, Hidden Dragon,&amp;#39; &amp;#39;Happy Together&amp;#39; and &amp;#39;Forever Young&amp;#39;.&lt;/p&gt;\r\n\r\n&lt;p&gt;Activist filmmaker Guediguian won the Prix Louis Delluc for &amp;#39;Marius and Jeannette&amp;#39; in 1997.&lt;/p&gt;\r\n\r\n&lt;p&gt;&amp;nbsp;&lt;/p&gt;\r\n\r\n&lt;p&gt;Nin, whose music is a mix of pop, African and Afro-Cuban rhythms, was awarded the Prize for Feminine Action by the African Women&amp;#39;s League, while Seydoux starred in &amp;#39;Blue is the Warmest Colour,&amp;#39; which won the Palme d&amp;#39;Or in 2013. She also appeared in &amp;#39;Spectre&amp;#39; and &amp;#39;The Lobster.&amp;#39;&lt;/p&gt;\r\n\r\n&lt;p&gt;&amp;#39;Leviathan&amp;#39; director Zvyagintsev won the Cannes jury prize for &amp;#39;Loveless&amp;#39; in 2017.&lt;/p&gt;\r\n\r\n&lt;p&gt;The festival will be held here from May 8 to 19.&lt;/p&gt;\r\n', 'uploads/b-20180419130744.jpg', '', 11, 7, 0),
(21, 'Salman Khan thanks fans after jail release', '2018-04-26 14:00:55', '&lt;p&gt;Convicted Bollywood star Salman Khan tweeted &amp;quot;tears of gratitude&amp;quot; to all his fans Monday in his first remarks since being bailed over a five-year jail sentence for killing rare antelopes.&lt;/p&gt;\r\n\r\n&lt;p&gt;Khan, one of the world&amp;#39;s highest-paid actors, was convicted in the 20-year-old case on Thursday and spent two nights in Jodhpur Central Jail before being released on bail by a judge Saturday.&lt;/p&gt;\r\n\r\n&lt;p&gt;&amp;quot;Tears of gratitude. To all my loved ones who are with me and never lost hope.&lt;/p&gt;\r\n\r\n&lt;p&gt;&amp;quot;Thank you for being there with all the love and support. God Bless,&amp;quot; the actor wrote to his 32.7 million Twitter followers.&lt;/p&gt;\r\n\r\n&lt;p&gt;Khan had denied shooting dead two rare antelopes known as black bucks on a hunting trip while filming a movie in October 1998.&lt;/p&gt;\r\n\r\n&lt;p&gt;But the court found him guilty while acquitting four other actors.&lt;/p&gt;\r\n\r\n&lt;p&gt;Khan has accused Rajasthan&amp;#39;s forest department of trying to frame him.&lt;/p&gt;\r\n\r\n&lt;p&gt;His lawyers claim the black bucks died of natural causes such as overeating, insisting there was no evidence they were shot.&lt;/p&gt;\r\n\r\n&lt;p&gt;Throughout the multiple cases, eyewitnesses have stated they saw Khan firing a gun.&lt;/p&gt;\r\n\r\n&lt;p&gt;A judge released Khan, one of Indian cinema&amp;#39;s most bankable stars, in return for bail and sureties totalling 100,000 rupees ($1,500). He cannot leave India without court permission.&lt;/p&gt;\r\n\r\n&lt;p&gt;The 52-year-old enjoys a cult-like status in star-obsessed India and is one of Bollywood&amp;#39;s biggest draws, despite a host of controversies.&lt;/p&gt;\r\n\r\n&lt;p&gt;Khan was in a vehicle in Mumbai, the home of Bollywood cinema, in 2002 when it mounted the curb and killed a homeless man sleeping on the pavement.&lt;/p&gt;\r\n\r\n&lt;p&gt;He was found guilty of culpable homicide and sentenced to five years in prison, but the verdict was overturned in a higher court in 2015. His acquittal is being challenged in the Supreme Court.&lt;/p&gt;\r\n', 'uploads/salman-khan-1-20180408175458-20180409213829.jpg', 'salman khan, bollywood', 11, 8, 0),
(22, 'Bengali New Year celebration to be held in Michigan', '2018-04-26 14:01:28', '&lt;p&gt;An annual celebration of the Bengali New Year has been planned with activities on April 15. The event celebrates Poila Baishakh, the first day of the Bengali calendar, in Bangladesh and India.&lt;/p&gt;\r\n\r\n&lt;p&gt;The history of Bengali New Year Celebration dates back to the 15th century, a joyous occasion to indicate the commencement of the harvest season. Throughout the globe, the event is observed with great jubilation and vigor within the Bengali community even today.&lt;/p&gt;\r\n\r\n&lt;p&gt;Organized by Onuronon (The Resonance) the Bangladeshi American community in Michigan, this year&amp;#39;s event, Bengali New Year 1425, is planned from 2.30 p.m. to 4 p.m. at the Hillside Middle School Auditorium, 775 N Center St, Northville, MI 48167&amp;nbsp;&lt;/p&gt;\r\n\r\n&lt;p&gt;&lt;img alt=&quot;pb&quot; src=&quot;https://cdn.jagonews24.com/media/imgAll/2018March/pb-20180408182219.jpg&quot; style=&quot;height:auto; width:100%&quot; /&gt;&lt;/p&gt;\r\n\r\n&lt;p&gt;This is the consecutive second year marks the celebration is being held by the young engineer&amp;rsquo;s team. To commemorate the heritage, the team aspire to put up a vibrant and colorful exhibit of the ethnic culture of Bangladesh on the occasion, through songs, folk dance, drama and likewise.&lt;/p&gt;\r\n\r\n&lt;p&gt;The event kicks off with lunch from 2 p.m. followed by a cultural program from 2 30pm to 4 p.m. Tickets are $5 for adults, Children under 12 are free. For more information on the event, call 586 289 3415 (Saif) or 248 459 7920 (Jaffrey).&lt;/p&gt;\r\n', 'uploads/b-20180408182038.jpg', '', 11, 2, 0),
(23, 'Salman Khan gets bail in blackbuck poaching case', '2018-04-26 14:02:11', '&lt;p&gt;Bollywood superstar Salman Khan got bail on Saturday as hearing resumed in Jodhpur on his bail plea.&lt;/p&gt;\r\n\r\n&lt;p&gt;Earlier, the suspense on the superstar&amp;#39;s bail plea after the transfer of District and Sessions Court Judge Ravindra Kumar Joshi came to an end when Joshi resumed the hearing in the case on Saturday morning.&lt;/p&gt;\r\n\r\n&lt;p&gt;Joshi had reserved his judgement on Salman&amp;#39;s plea on Friday, asking for additional documents. Later the same night, he was among the 87 judicial officers who were transfered in what was described as a routime administrative measure.&lt;/p&gt;\r\n\r\n&lt;p&gt;Though Joshi was tansfered to Sirohi in the same capacity, informed sources said he had been asked to continue with the bail hearing till its conclusion.&lt;/p&gt;\r\n\r\n&lt;p&gt;The hearing on actor Khan&amp;rsquo;s application for bail and suspension of sentence in the 1998 black buck poaching case was pronounced after lunch.&lt;/p&gt;\r\n\r\n&lt;p&gt;Joshi heard the arguments of prosecution and defence which lasted for about an hour, defence counsel Mahesh Bora said.&lt;/p&gt;\r\n\r\n&lt;p&gt;Khan&amp;rsquo;s sisters - Alvira and Arpita - were present during the hearing.&lt;/p&gt;\r\n\r\n&lt;p&gt;The actor was on Thursday convicted by a trial court and sentenced to five years in prison for killing two black bucks during the shooting of &amp;ldquo;Hum Saath Saath Hain&amp;rdquo; here.&lt;/p&gt;\r\n\r\n&lt;p&gt;If Salman had failed to get bail, then he would have had to spend two more nights in jail and then move the Rajasthan High Court on Monday for bail.&lt;/p&gt;\r\n\r\n&lt;p&gt;Salman&amp;#39;s lawyer Mahesh Bora was representing him in court.&lt;/p&gt;\r\n\r\n&lt;p&gt;According to the Rajasthan High Court website, Judge Joshi&amp;#39;s name is at 14th in the transfer list, which names Chandra Shekhar Sharma as the new District and Session Court Judge in Jodhpur on his transfer from Sirohi.&lt;/p&gt;\r\n', 'uploads/l-20180407155337.jpg', 'salman khan, bollywood', 11, 6, 0),
(24, 'Facebook sales soar despite data scandal', '2018-04-26 14:05:04', '&lt;p&gt;Facebook&amp;#39;s quarterly sales rose by nearly 50% in the social media giant&amp;#39;s first results since a privacy scandal over users&amp;#39; data emerged.&lt;/p&gt;\r\n\r\n&lt;p&gt;The company said that revenues rose to $11.9bn in the first three months of the year, compared to $8bn previously.&lt;/p&gt;\r\n\r\n&lt;p&gt;Chief executive Mark Zuckerberg said: &amp;quot;Despite facing important challenges, our community and business are off to a strong start in 2018.&amp;quot;&lt;/p&gt;\r\n\r\n&lt;p&gt;He added that the firm is &amp;quot;taking a broader review of our responsibility&amp;quot;.&lt;/p&gt;\r\n\r\n&lt;p&gt;Facebook said that its advertising revenue rose to $11.7bn in the three months to the end of March, compared to $7.8bn in the same period a year ago.&lt;/p&gt;\r\n\r\n&lt;p&gt;First quarter profits also grew, reaching $4.9bn compared to $3bn last year.&lt;/p&gt;\r\n\r\n&lt;p&gt;In March, towards the end of Facebook&amp;#39;s reporting period, the company was caught up in a massive privacy scandal involving the political consultancy Cambridge Analytica,&lt;/p&gt;\r\n\r\n&lt;p&gt;Facebook admitted that the data of 87 million users had been improperly shared with the consultancy.&lt;/p&gt;\r\n\r\n&lt;p&gt;Commenting on the first quarter results, Mr Zuckerberg said: &amp;quot;We are taking a broader view of our responsibility and investing to make sure our services are used for good.&lt;/p&gt;\r\n\r\n&lt;p&gt;&amp;quot;But we also need to keep building new tools to help people connect, strengthen our communities, and bring the world closer together.&amp;quot;&lt;/p&gt;\r\n\r\n&lt;p&gt;Facebook said the average number of daily active users over March had risen to to 1.45 billion, a 13% increase year-on-year.&lt;/p&gt;\r\n\r\n&lt;p&gt;The average number of monthly active users for March also rose by 13%, to 2.2 billion, and the number of staff saw a steep 48% increase to 27,742.&lt;/p&gt;\r\n', 'uploads/facebook-b-20180426083929.jpg', 'facebook, fb', 12, 8, 0);
INSERT INTO `post` (`post_id`, `post_title`, `publishing_date`, `post_content`, `post_thumb`, `post_tags`, `cat_id`, `author_id`, `count_post_views`) VALUES
(25, 'Launching of Bangabandhu-1 satellite rescheduled for May 7', '2018-04-26 14:05:44', '&lt;p&gt;The launching date of Bangabandhu-1, the first commercial satellite of Bangladesh, scheduled for May 4 likely to be sent into orbit now on May 7 and it will be ready for use within two months of launch.&lt;/p&gt;\r\n\r\n&lt;p&gt;Posts, Telecommunications and Information Technology Minister Mustafa Jabbar came up with the information while talking to reporters after a roundtable discussion title &amp;lsquo;Bangabandhu Satellite: Possibility in Space&amp;rsquo;.&lt;/p&gt;\r\n\r\n&lt;p&gt;The programme was organised by Telecom Reporters&amp;rsquo; Network, Bangladesh (TRNB) at Bangladesh Telecommunication Regulatory Commission (BTRC) office.&lt;/p&gt;\r\n\r\n&lt;p&gt;The authorities concerned of US Company SpaceX has fixed the possible date on May 7 for launching, said the minister.&lt;/p&gt;\r\n\r\n&lt;p&gt;Speaking at the roundtable, BTRC Chairman Dr Shahjahan Mahmood said the rescheduling has been done as the weather will not be favorable for launching on May 4.&lt;/p&gt;\r\n\r\n&lt;p&gt;He also asked all the local television channels to turn their satellite onto Bangabandhu-1, after it will be launched.&lt;/p&gt;\r\n\r\n&lt;p&gt;The launching schedule of the country&amp;rsquo;s lone satellite has earlier been deferred several times.&lt;/p&gt;\r\n\r\n&lt;p&gt;The Bangabandhu Satellite with a capacity of 1,600 megahertz will have 40 transponders and the physical equipment of the space capsule that measures the capacity.&lt;/p&gt;\r\n\r\n&lt;p&gt;Saiful Islam, additional secretary to Posts, Telecommunications and Information Technology (ICT) Ministry and also the managing director of Bangabandhu Satellite Communications Ltd, said a total of 18 people have been recruited for controlling the project and they have started working at the ground station.&lt;/p&gt;\r\n\r\n&lt;p&gt;Besides, a marketing team was recruited to promote the sales of transponders, he said adding that two countries--Indonesia and Philippine&amp;mdash;have showed their interest to use the satellite.&lt;/p&gt;\r\n\r\n&lt;p&gt;On October 21, 2015, The Cabinet Purchase Committee approved the project to buy the satellite system.&lt;/p&gt;\r\n\r\n&lt;p&gt;Later, BTRC signed a deal involving Tk 2,000 crore with Thales Alenia Space to construct the first-ever satellite project.&lt;/p&gt;\r\n\r\n&lt;p&gt;Bangladesh will be the 57th country when Bangabandhu-1 would be launched into the orbital slot on 119.1 degree east longitude which (slot) was bought from Russian satellite company &amp;lsquo;Intersputnik&amp;rsquo; for US$ 28 million in January 2015.&lt;/p&gt;\r\n', 'uploads/bangobondhu-stlt-b-20180425123354.gif', '', 12, 6, 1),
(26, 'WhatsApp to raise minimum age limit to 16 in EU', '2018-04-26 14:07:28', '&lt;p&gt;Popular messaging service Whatsapp is banning under-16s from using its platform in the European Union.&lt;/p&gt;\r\n\r\n&lt;p&gt;Users must currently be at least 13, but the firm is changing the rules ahead of the introduction of new EU data privacy regulations in May.&lt;/p&gt;\r\n\r\n&lt;p&gt;The app, which is owned by Facebook, will ask users to confirm their age when prompted to agree new terms of service in the next few weeks.&lt;/p&gt;\r\n\r\n&lt;p&gt;It is not clear how the age limit will be verified.&lt;/p&gt;\r\n\r\n&lt;p&gt;The EU&amp;#39;s General Data Protection Regulation (GDPR), which comes into force on 25 May, will give people much more control over how companies use their information.&lt;/p&gt;\r\n\r\n&lt;p&gt;They will also have the right to have personal data erased.&lt;/p&gt;\r\n\r\n&lt;p&gt;It also includes specific protections to protect children from having their personal data collected for marketing purposes, or to create user profiles.&lt;/p&gt;\r\n\r\n&lt;p&gt;Whatsapp, which has faced scrutiny for its data sharing practices in the past, said its move would help it meet the &amp;quot;new high standards of transparency&amp;quot; in the EU.&lt;/p&gt;\r\n\r\n&lt;p&gt;However, the app plans to keep its age limit at 13 in the rest of the world.&lt;/p&gt;\r\n\r\n&lt;p&gt;&lt;strong&gt;Different approach&lt;/strong&gt;&lt;/p&gt;\r\n\r\n&lt;p&gt;It will also be allowing all users to download a report detailing the data it holds on them as part of its new terms of service.&lt;/p&gt;\r\n\r\n&lt;p&gt;That could include the make and model of the device they use, their contacts and groups and any blocked numbers.&lt;/p&gt;\r\n\r\n&lt;p&gt;Facebook, which has also been criticised for its handling of personal data, is taking a different approach to younger users.&lt;/p&gt;\r\n\r\n&lt;p&gt;To comply with GDPR, the social network is asking those aged 13 to 15 to nominate a parent or guardian to give permission for them to share information on the platform.&lt;/p&gt;\r\n\r\n&lt;p&gt;If they do not, they will not see a fully personalised version of the platform.&lt;/p&gt;\r\n', 'uploads/whats-up-bb-20180425120208.jpg', 'whatsapp', 12, 7, 1),
(27, 'YouTube publishes deleted videos report', '2018-04-26 14:08:15', '&lt;p&gt;YouTube&amp;rsquo;s first three-monthly &amp;ldquo;enforcement report&amp;rdquo; reveals the website deleted 8.3 million videos between October and December 2017 for breaching its community guidelines.&lt;/p&gt;\r\n\r\n&lt;p&gt;The figure does not include videos removed for copyright or legal reasons.&lt;/p&gt;\r\n\r\n&lt;p&gt;Sexually explicit videos attracted 9.1 million reports from the website&amp;rsquo;s users, while 4.7 million were reported for hateful or abusive content.&lt;/p&gt;\r\n\r\n&lt;p&gt;&lt;img alt=&quot;1&quot; src=&quot;https://cdn.jagonews24.com/media/imgAll/2018March/b2-20180424093042.png&quot; style=&quot;height:503px; width:624px&quot; /&gt;&lt;/p&gt;\r\n\r\n&lt;p&gt;Most complaints came from India, the US or Brazil.&lt;/p&gt;\r\n\r\n&lt;p&gt;YouTube said its algorithms had flagged 6.7 million videos that had then been sent to human moderators and deleted.&lt;/p&gt;\r\n\r\n&lt;p&gt;Of those, 76% had not been watched on YouTube, other than by the moderators.&lt;/p&gt;\r\n\r\n&lt;p&gt;The company told the BBC it stored a data &amp;quot;fingerprint&amp;quot; of deleted videos so that it could immediately spot if somebody uploaded the same video again.&lt;/p&gt;\r\n\r\n&lt;p&gt;In March, YouTube was criticised for its failure to remove four propaganda videos posted by the banned UK neo-Nazi group National Action.&lt;/p&gt;\r\n\r\n&lt;p&gt;Giving evidence to the UK&amp;#39;s Home Affairs Committee, the company&amp;#39;s counter-terrorism chief, William McCants, blamed human error for the delay in removing the videos.&lt;/p&gt;\r\n\r\n&lt;p&gt;But Yvette Cooper MP said the evidence given was &amp;ldquo;disappointing&amp;rdquo;, &amp;ldquo;weak&amp;rdquo; and looked like &amp;quot;a failure to even do the basics&amp;quot;.&lt;/p&gt;\r\n\r\n&lt;p&gt;The company has also been criticised for using algorithms to curate its YouTube Kids app for children. Inappropriate videos have repeatedly slipped through the net and appeared on YouTube Kids.&lt;/p&gt;\r\n\r\n&lt;p&gt;The report does not reveal how many inappropriate videos had been reported or removed from YouTube Kids.&lt;/p&gt;\r\n\r\n&lt;p&gt;YouTube also announced the addition of a &amp;quot;reporting dashboard&amp;quot; to users&amp;#39; accounts, to let them see the status of any videos they had reported as inappropriate.&lt;/p&gt;\r\n\r\n&lt;p&gt;&lt;strong&gt;Top 10 countries flagging videos&lt;/strong&gt;&lt;/p&gt;\r\n\r\n&lt;p&gt;1. India, 2.US, 3.Brazil, 4.Russia, 5. Germany, 6. UK, 7. Mexico, 8.Turkey, 9. Indonesia, 10. Saudi Arabia&lt;/p&gt;\r\n', 'uploads/b-20180424093224.jpg', 'Youtube', 12, 2, 1),
(29, 'Cwealth takes strong stance against cybercrime', '2018-04-26 14:11:12', '&lt;p&gt;Commonwealth countries have unanimously committed to take action on cybersecurity between now and 2020, following a landmark declaration.&lt;/p&gt;\r\n\r\n&lt;p&gt;In a major announcement at the Commonwealth Heads of Government Meeting (CHOGM) in London, the 53 leaders agreed to work together to evaluate and strengthen their cybersecurity frameworks and response mechanisms, said a media release today.&amp;nbsp;&lt;/p&gt;\r\n\r\n&lt;p&gt;According to the release, this declaration is the world&amp;#39;s largest and most geographically diverse inter-governmental commitment on cybersecurity cooperation.&amp;nbsp;&lt;/p&gt;\r\n\r\n&lt;p&gt;It followed an announcement by the UK government to pledge up to o15 million to help Commonwealth countries strengthen their cybersecurity capabilities and &amp;#39;tackle criminal groups and hostile state actors who pose a global threat to security, including in the UK&amp;#39;.&lt;/p&gt;\r\n\r\n&lt;p&gt;Speaking after the announcement, Commonwealth Secretary-General Patricia Scotland said cyberspace opens up new opportunities for socio-economic development by broadening common space and extending access.&amp;nbsp;&lt;/p&gt;\r\n\r\n&lt;p&gt;&amp;quot;There is immense fresh potential for the multiple layers of Commonwealth connection to be used for the common good. The many positive benefits that can be derived are easily undermined and subverted by cybercrime, which has no respect for national boundaries,&amp;quot; she said, adding that Commonwealth member countries are working together to strengthen their capacity, individually and collectively, to detect and guard against the debilitating threats cybercrime poses to all many aspects of national, regional and international security.&lt;/p&gt;\r\n\r\n&lt;p&gt;The Commonwealth Cyber Declaration sets out a shared vision of cyberspace in areas such as economic and social development, and online rights.&amp;nbsp;&lt;/p&gt;\r\n\r\n&lt;p&gt;The declaration is also an important step for Commonwealth small states, which account for 31 of the Commonwealth&amp;#39;s 53 member countries. By promoting digital inclusion and a safer cyberspace, it sets out practical steps that will enable them to advance their economic and social development.&lt;/p&gt;\r\n\r\n&lt;p&gt;&amp;nbsp;Steven Malby, Head of the Commonwealth Office of Civil and Criminal Justice Reform, said, &amp;quot;The Commonwealth Cyber Declaration is a landmark document which builds on the work of the whole family of 53 member countries. It emphasises the important role that the Commonwealth can play in this area at a time when cybersecurity and the protection of people&amp;#39;s rights online is at the forefront of everyone&amp;#39;s minds.&amp;quot;&amp;nbsp;&lt;/p&gt;\r\n\r\n&lt;p&gt;With transnational cybercrime increasingly a challenge for global governments, Commonwealth countries are taking a leading role to combat cybercrime and promote good cybersecurity. The declaration includes recognition of the potential for a more active Commonwealth role in international discussions on global stability and cyberspace.&lt;/p&gt;\r\n\r\n&lt;p&gt;Malby added, &amp;quot;There is a genuine need for international cooperation and capacity building for law enforcement and criminal justice officials on cybercrime, and this declaration represents a significant step forward in addressing countries&amp;#39; concerns.&amp;quot;&lt;/p&gt;\r\n\r\n&lt;p&gt;The declaration marks a continuation of Commonwealth work in this area, including that of the Commonwealth Cybercrime Initiative (CCI), as well as the Commonwealth Telecommunications Organisation (CTO).&amp;nbsp;&lt;/p&gt;\r\n\r\n&lt;p&gt;In collaboration with the CTO and the Commonwealth Parliamentary Associations, the Commonwealth Secretariat will provide technical assistance to countries on cybercrime and cybersecurity capacity building.&amp;nbsp;&lt;/p&gt;\r\n', 'uploads/b-20180421165515.jpg', 'cybercrime', 12, 6, 1),
(30, 'BRUR launches compulsory Rokeya Studies course', '2018-04-26 18:01:12', '&lt;p&gt;The Deans Committee of Begum Rokeya University, Rangpur (BRUR) at a meeting today afternoon decided to launch compulsory &amp;#39;Rokeya Studies&amp;#39; course in the university.&lt;/p&gt;\r\n\r\n&lt;p&gt;&amp;quot;The course will begin from the second semester for the students admitted in the 2017-2018 academic sessions in all 21 departments under six faculties of the university,&amp;quot; said a press release.&lt;/p&gt;\r\n\r\n&lt;p&gt;Vice-chancellor of Begum Rokeya University Professor Dr Nazmul Ahsan Kalimullah presided over the meeting held at conference room of the university&amp;#39;s administrative building.&lt;/p&gt;\r\n\r\n&lt;p&gt;The noncredit and compulsory &amp;#39;Rokeya Studies&amp;#39; course will be conducted for all students of 21 departments of the university.&lt;/p&gt;\r\n\r\n&lt;p&gt;Deans Md Ferdous Rahman of the Faculty of Business Studies, Professor Dr Parimal Chandra Barman of the Faculty of Arts and Professor Dr Abu Kalam Md Farid Ul Islam of the Faculty of Engineering and Technology attended the meeting.&lt;/p&gt;\r\n\r\n&lt;p&gt;Earlier, the fifth meeting of the Academic Council recommended proposal of launching Rokeya Studies course in the university on April 20 and the 17th Syndicate meeting approved the recommendation on April 22 last, the release added.&lt;/p&gt;\r\n', 'uploads/bru-20180425205513-20180425214126.jpg', 'DU, Education', 12, 6, 2),
(31, 'Shakib’s Sunrisers Hyderabad bat first', '2018-04-27 12:36:09', '&lt;p&gt;Kings XI Punjab won the toss and invited Sunrisers Hyderabad to bat first at Rajiv Gandhi International Stadium in Hyderabad on Thursday.&lt;/p&gt;\r\n\r\n&lt;p&gt;Sunrisers Hyderabad: Shikhar Dhawan, Kane Williamson (c), Wriddhiman Saha (w), Manish Pandey, Shakib Al Hasan, Yusuf Pathan, Mohammad Nabi, Rashid Khan, Basil Thampi, Siddarth Kaul and Sandeep Sharma&lt;/p&gt;\r\n\r\n&lt;p&gt;Kings XI Punjab: KL Rahul (w), Chris Gayle, Mayank Agarwal, Karun Nair, Aaron Finch, Manoj Tiwary, Ravichandran Ashwin (c), Andrew Tye, Barinder Sran, Ankit Rajpoot and Mujeeb Ur Rahman.&amp;nbsp;&lt;/p&gt;\r\n', 'uploads/sakib-20180426201639-20180426205202.jpg', 'shakib, IPL, SRH', 8, 6, 1),
(32, 'Langer named Australia’s new head coach', '2018-05-03 11:56:29', '&lt;p&gt;Justin Langer has been named as Australia&amp;rsquo;s new head coach, replacing Darren Lehmann, who resigned in the wake of the ball-tampering scandal.&lt;/p&gt;\r\n\r\n&lt;p&gt;The former Australian opener, currently in charge of Western Australia and Perth Scorchers, has signed a four-year deal.&lt;/p&gt;\r\n\r\n&lt;p&gt;Lehmann played no part in the ball-tampering plot on Australia&amp;#39;s tour of South Africa in March.&lt;/p&gt;\r\n\r\n&lt;p&gt;He initially declared his intention to carry on as coach, only to resign before the fourth and final Test.&lt;/p&gt;\r\n\r\n&lt;p&gt;Captain Steve Smith and vice-captain David Warner were sacked and banned for a year for their part in the controversy, while batsman Cameron Bancroft was suspended for nine months.&lt;/p&gt;\r\n\r\n&lt;p&gt;Lehmann, who took charge in 2013, had previously announced that he would step down after the Ashes in England in 2019.&lt;/p&gt;\r\n\r\n&lt;p&gt;And chief executive James Sutherland said that Cricket Australia has planned his replacement with a &amp;quot;succession plan in place for this role for some time&amp;rdquo;.&lt;/p&gt;\r\n\r\n&lt;p&gt;&amp;ldquo;The plan has allowed us to consider several worthy candidates, but Justin was the clear standout, particularly based on his recent coaching and player development achievements,&amp;rdquo; said Sutherland.&lt;/p&gt;\r\n\r\n&lt;p&gt;&amp;ldquo;We firmly believe Justin is the right person to lead this team and have huge confidence in what he will bring to the role.&amp;rdquo;&lt;/p&gt;\r\n\r\n&lt;p&gt;A left-handed batsman, Langer played 105 Tests for Australia, scoring 7,696 runs.&lt;/p&gt;\r\n\r\n&lt;p&gt;He retired from international cricket in 2007 at the end of a 5-0 Ashes series victory.&lt;/p&gt;\r\n\r\n&lt;p&gt;The 47-year-old has led the Scorchers to three Big Bash titles and Western Australia to two domestic 50-over crowns.&lt;/p&gt;\r\n\r\n&lt;p&gt;Langer, who has had spells in county cricket with Middlesex and Somerset, has also had a three-year spell as Australia assistant coach and twice been head coach on an interim basis.&lt;/p&gt;\r\n\r\n&lt;p&gt;&amp;ldquo;I am very excited about the scope I now have to coach the country that supported me so much in my cricketing career,&amp;rdquo; he said.&lt;/p&gt;\r\n\r\n&lt;p&gt;&amp;ldquo;There will be some significant challenges ahead for our group, but there is a wealth of talent in Australian cricket that I know will do us all proud.&lt;/p&gt;\r\n\r\n&lt;p&gt;&amp;ldquo;I&amp;rsquo;m thoroughly looking forward to working with all players, as we strive for a successful men&amp;#39;s team across all formats, with the support and respect of the Australian public.&amp;rdquo;&lt;/p&gt;\r\n\r\n&lt;p&gt;Langer&amp;rsquo;s first assignment will be a tour of England, with five one-day internationals and a sole Twenty20 beginning on 13 June.&lt;/p&gt;\r\n', 'uploads/b-20180503115635.jpg', 'Austrilia, Coach', 8, 6, 1),
(33, 'Satyajit Ray’s 97th birth anniversary today', '2018-05-03 12:00:30', '&lt;p&gt;Satyajit Ray, the renowned filmmaker of the subcontinent, was remembered on his 97th birth anniversary on Wenesday.&lt;/p&gt;\r\n\r\n&lt;p&gt;To mark the day in a befitting manner, different socio-cultural organizations held elaborate programmes in Bangladesh and India.&lt;/p&gt;\r\n\r\n&lt;p&gt;On this day of 1921 he was born in Kolkata. His father, Sukumar Ray, was also a renowned writer, editor and photographer and a fellow of the Royal Photographic Society of Great Britain.&amp;nbsp;&lt;/p&gt;\r\n\r\n&lt;p&gt;His mother, Suprabha Ray, was a musician and his grandfather Upendrakishore Ray Chowdhury was also a noted writer, child literary, painter, photographer, block designer and the editor of the children`s journal Sandesh.&amp;nbsp;&lt;/p&gt;\r\n\r\n&lt;p&gt;His ancestral home was in the village of Masua, in Kishoreganj district of greater Mymensingh, Bangladesh.&lt;/p&gt;\r\n\r\n&lt;p&gt;Satyajit Ray studied at Presidency College and Santiniketan.&amp;nbsp;&lt;/p&gt;\r\n\r\n&lt;p&gt;In his career he worked as a junior visualizer at a British advertising agency in Kolkata. Subsequently, he became interested in making films.&amp;nbsp;&lt;/p&gt;\r\n\r\n&lt;p&gt;When he decided to make a film he chose his all-time favorite Bibhutibhushan Bandyopadhyay`s `Pather Panchali`. He started shooting in late 1952 with his little personal savings and some amateur actors. But due to short of funds, it was stopped after a while.&amp;nbsp;&lt;/p&gt;\r\n\r\n&lt;p&gt;After the West Bengal government provided him financial donations, the work of `Pather Panchali` was completed. In his first film, Satyajit has exhibited his charisma. `Pather Panchali` won 11 international awards, including Cannes Film Festival`s &amp;quot;Best Human Document&amp;quot; award. The three films of Satyajit Ray `Pather Panchali`, `Aparajito` and ` Apur Sansar` called Apu Trio are recognized as the best works of his life.&lt;/p&gt;\r\n\r\n&lt;p&gt;Satyajit Ray occupies a big place in Bangali literature. Ray created two popular fictional characters in Bengali children`s literature&amp;mdash;Feluda, a detective, and Professor Shonku, a scientist. He wrote several short stories also.&lt;/p&gt;\r\n\r\n&lt;p&gt;On his birth anniversary we remember this extraordinary filmmaker with great respect.&lt;/p&gt;\r\n', 'uploads/b-20180502130523.jpg', 'Satyajit Ray', 11, 6, 1),
(37, 'Kolkata Knight Riders opt to bowl', '2018-05-04 15:38:13', '&lt;p&gt;Kolkata Knight Riders (KKR) won the toss and elected to field against Chennai Super Kings (CSK) in match 33 of IPL 2018 at Eden Gardens on Thursday.&lt;/p&gt;\r\n\r\n&lt;p&gt;&lt;strong&gt;Chennai Super Kings Playing XI:&lt;/strong&gt;&amp;nbsp;Shane Watson, Faf du Plessis, Suresh Raina, Ambati Rayudu, MS Dhoni (w/c), Dwayne Bravo, Ravindra Jadeja, Karn Sharma, Harbhajan Singh, Lungi Ngidi, KM Asif&lt;/p&gt;\r\n\r\n&lt;p&gt;&lt;strong&gt;Kolkata Knight Riders Playing XI:&lt;/strong&gt;&amp;nbsp;Chris Lynn, Sunil Narine, Robin Uthappa, Dinesh Karthik (w/c), Rinku Singh, Shubman Gill, Andre Russell, Shivam Mavi, Piyush Chawla, Mitchell Johnson, Kuldeep Yadav&lt;/p&gt;\r\n', 'uploads/kkr-20180503201540-20180503204244.jpg', 'KKR, CSK, IPL', 8, 6, 1);

--
-- Indexes for dumped tables
--

--
-- Indexes for table `author`
--
ALTER TABLE `author`
  ADD PRIMARY KEY (`author_id`),
  ADD UNIQUE KEY `author_username` (`author_username`);

--
-- Indexes for table `category`
--
ALTER TABLE `category`
  ADD PRIMARY KEY (`cat_id`),
  ADD UNIQUE KEY `cat_name` (`cat_name`);

--
-- Indexes for table `comments`
--
ALTER TABLE `comments`
  ADD PRIMARY KEY (`cmnt_id`),
  ADD KEY `post_id` (`post_id`);

--
-- Indexes for table `image`
--
ALTER TABLE `image`
  ADD PRIMARY KEY (`image_id`);

--
-- Indexes for table `message`
--
ALTER TABLE `message`
  ADD PRIMARY KEY (`msg_id`);

--
-- Indexes for table `post`
--
ALTER TABLE `post`
  ADD PRIMARY KEY (`post_id`),
  ADD KEY `cat_id` (`cat_id`),
  ADD KEY `author_id` (`author_id`);

--
-- AUTO_INCREMENT for dumped tables
--

--
-- AUTO_INCREMENT for table `author`
--
ALTER TABLE `author`
  MODIFY `author_id` int(11) NOT NULL AUTO_INCREMENT, AUTO_INCREMENT=9;

--
-- AUTO_INCREMENT for table `category`
--
ALTER TABLE `category`
  MODIFY `cat_id` int(255) NOT NULL AUTO_INCREMENT, AUTO_INCREMENT=14;

--
-- AUTO_INCREMENT for table `comments`
--
ALTER TABLE `comments`
  MODIFY `cmnt_id` int(11) NOT NULL AUTO_INCREMENT, AUTO_INCREMENT=11;

--
-- AUTO_INCREMENT for table `image`
--
ALTER TABLE `image`
  MODIFY `image_id` int(255) NOT NULL AUTO_INCREMENT, AUTO_INCREMENT=16;

--
-- AUTO_INCREMENT for table `message`
--
ALTER TABLE `message`
  MODIFY `msg_id` int(11) NOT NULL AUTO_INCREMENT, AUTO_INCREMENT=3;

--
-- AUTO_INCREMENT for table `post`
--
ALTER TABLE `post`
  MODIFY `post_id` int(11) NOT NULL AUTO_INCREMENT, AUTO_INCREMENT=38;

--
-- Constraints for dumped tables
--

--
-- Constraints for table `comments`
--
ALTER TABLE `comments`
  ADD CONSTRAINT `comments_ibfk_1` FOREIGN KEY (`post_id`) REFERENCES `post` (`post_id`) ON DELETE CASCADE ON UPDATE CASCADE;

--
-- Constraints for table `post`
--
ALTER TABLE `post`
  ADD CONSTRAINT `post_ibfk_1` FOREIGN KEY (`cat_id`) REFERENCES `category` (`cat_id`) ON DELETE CASCADE ON UPDATE CASCADE,
  ADD CONSTRAINT `post_ibfk_2` FOREIGN KEY (`author_id`) REFERENCES `author` (`author_id`) ON DELETE CASCADE ON UPDATE CASCADE;
COMMIT;

/*!40101 SET CHARACTER_SET_CLIENT=@OLD_CHARACTER_SET_CLIENT */;
/*!40101 SET CHARACTER_SET_RESULTS=@OLD_CHARACTER_SET_RESULTS */;
/*!40101 SET COLLATION_CONNECTION=@OLD_COLLATION_CONNECTION */;
